bar,feature_set,n_components,fit_scope,task,probe,metric,family,value,pca_value,margin_vs_pca
1s,dynamics,2,pooled,lab_depth_collapse,knn,auc,UMAP,0.7406,0.7104,0.030200000000000005
1s,dynamics,2,pooled,lab_depth_collapse,logistic,auc,Isomap,0.7218,0.7139,0.007900000000000018
1s,dynamics,2,pooled,lab_spread_widen,knn,auc,UMAP,0.7087,0.668,0.04069999999999996
1s,dynamics,2,pooled,lab_spread_widen,logistic,auc,Isomap,0.6867,0.6705,0.016199999999999992
1s,dynamics,2,pooled,lab_stress,knn,auc,UMAP,0.7725,0.7132,0.05930000000000002
1s,dynamics,2,pooled,lab_stress,logistic,auc,KernelPCA,0.7443,0.7051,0.03920000000000001
1s,dynamics,2,pooled,lab_vol_spike,knn,auc,UMAP,0.977,0.8825,0.09450000000000003
1s,dynamics,2,pooled,lab_vol_spike,logistic,auc,KernelPCA,0.9712,0.8555,0.11569999999999991
1s,dynamics,2,pooled,reg_curvol,knn,r2,UMAP,0.9325,0.6369,0.2956
1s,dynamics,2,pooled,reg_curvol,ridge,r2,KernelPCA,0.7056,0.4985,0.2071
1s,dynamics,2,pooled,reg_fwdvol,knn,r2,UMAP,0.8878,0.6101,0.27770000000000006
1s,dynamics,2,pooled,reg_fwdvol,ridge,r2,KernelPCA,0.6739,0.4763,0.19760000000000005
1s,dynamics,2,pooled,reg_intraday,knn,r2,UMAP,0.0734,0.0402,0.03320000000000001
1s,dynamics,2,pooled,reg_intraday,ridge,r2,KernelPCA,0.0568,0.0545,0.0023000000000000034
1s,dynamics,2,pooled,reg_relspread,knn,r2,UMAP,0.5203,0.3811,0.1392
1s,dynamics,2,pooled,reg_relspread,ridge,r2,KernelPCA,0.362,0.2344,0.1276
1s,dynamics,3,pooled,lab_depth_collapse,knn,auc,UMAP,0.7398,0.72,0.01980000000000004
1s,dynamics,3,pooled,lab_depth_collapse,logistic,auc,Isomap,0.723,0.7136,0.009399999999999964
1s,dynamics,3,pooled,lab_spread_widen,knn,auc,UMAP,0.7156,0.6944,0.021199999999999997
1s,dynamics,3,pooled,lab_spread_widen,logistic,auc,Isomap,0.718,0.6749,0.043099999999999916
1s,dynamics,3,pooled,lab_stress,knn,auc,UMAP,0.7781,0.7722,0.005900000000000016
1s,dynamics,3,pooled,lab_stress,logistic,auc,PCA,0.7736,0.7736,0.0
1s,dynamics,3,pooled,lab_vol_spike,knn,auc,UMAP,0.9806,0.9796,0.0010000000000000009
1s,dynamics,3,pooled,lab_vol_spike,logistic,auc,PCA,0.9817,0.9817,0.0
1s,dynamics,3,pooled,reg_curvol,knn,r2,PCA,0.97,0.97,0.0
1s,dynamics,3,pooled,reg_curvol,ridge,r2,PCA,0.8664,0.8664,0.0
1s,dynamics,3,pooled,reg_fwdvol,knn,r2,PCA,0.921,0.921,0.0
1s,dynamics,3,pooled,reg_fwdvol,ridge,r2,PCA,0.8342,0.8342,0.0
1s,dynamics,3,pooled,reg_intraday,knn,r2,Diffusion,0.0839,0.0799,0.0040000000000000036
1s,dynamics,3,pooled,reg_intraday,ridge,r2,PCA,0.0938,0.0938,0.0
1s,dynamics,3,pooled,reg_relspread,knn,r2,UMAP,0.5327,0.5131,0.01959999999999995
1s,dynamics,3,pooled,reg_relspread,ridge,r2,Isomap,0.3673,0.3387,0.028600000000000014
1s,flow,2,pooled,lab_depth_collapse,knn,auc,UMAP,0.5898,0.5181,0.07169999999999999
1s,flow,2,pooled,lab_depth_collapse,logistic,auc,LLE,0.5442,0.5252,0.019000000000000017
1s,flow,2,pooled,lab_spread_widen,knn,auc,UMAP,0.5207,0.5012,0.019500000000000073
1s,flow,2,pooled,lab_spread_widen,logistic,auc,UMAP,0.5167,0.5129,0.0038000000000000256
1s,flow,2,pooled,lab_stress,knn,auc,UMAP,0.6429,0.587,0.05590000000000006
1s,flow,2,pooled,lab_stress,logistic,auc,Isomap,0.6027,0.601,0.0017000000000000348
1s,flow,2,pooled,lab_vol_spike,knn,auc,UMAP,0.7617,0.6351,0.12660000000000005
1s,flow,2,pooled,lab_vol_spike,logistic,auc,Isomap,0.6684,0.6596,0.00880000000000003
1s,flow,2,pooled,reg_curvol,knn,r2,UMAP,0.2936,0.0763,0.21730000000000002
1s,flow,2,pooled,reg_curvol,ridge,r2,Isomap,0.0943,0.0879,0.006399999999999989
1s,flow,2,pooled,reg_fwdvol,knn,r2,UMAP,0.3091,0.0786,0.23049999999999998
1s,flow,2,pooled,reg_fwdvol,ridge,r2,Isomap,0.0938,0.0854,0.00839999999999999
1s,flow,2,pooled,reg_intraday,knn,r2,UMAP,-0.005,-0.0274,0.0224
1s,flow,2,pooled,reg_intraday,ridge,r2,PCA,0.0093,0.0093,0.0
1s,flow,2,pooled,reg_relspread,knn,r2,UMAP,0.34,0.0267,0.3133
1s,flow,2,pooled,reg_relspread,ridge,r2,LLE,0.0509,0.019,0.0319
1s,flow,3,pooled,lab_depth_collapse,knn,auc,UMAP,0.5941,0.5876,0.00649999999999995
1s,flow,3,pooled,lab_depth_collapse,logistic,auc,PCA,0.6177,0.6177,0.0
1s,flow,3,pooled,lab_spread_widen,knn,auc,Isomap,0.5112,0.4892,0.021999999999999964
1s,flow,3,pooled,lab_spread_widen,logistic,auc,Diffusion,0.5213,0.5124,0.008900000000000019
1s,flow,3,pooled,lab_stress,knn,auc,UMAP,0.6434,0.6402,0.0031999999999999806
1s,flow,3,pooled,lab_stress,logistic,auc,PCA,0.6177,0.6177,0.0
1s,flow,3,pooled,lab_vol_spike,knn,auc,UMAP,0.768,0.7586,0.009399999999999964
1s,flow,3,pooled,lab_vol_spike,logistic,auc,PCA,0.7332,0.7332,0.0
1s,flow,3,pooled,reg_curvol,knn,r2,UMAP,0.3078,0.2936,0.01419999999999999
1s,flow,3,pooled,reg_curvol,ridge,r2,PCA,0.2095,0.2095,0.0
1s,flow,3,pooled,reg_fwdvol,knn,r2,UMAP,0.3248,0.3124,0.012399999999999967
1s,flow,3,pooled,reg_fwdvol,ridge,r2,PCA,0.2232,0.2232,0.0
1s,flow,3,pooled,reg_intraday,knn,r2,PCA,-0.0001,-0.0001,0.0
1s,flow,3,pooled,reg_intraday,ridge,r2,PCA,0.0096,0.0096,0.0
1s,flow,3,pooled,reg_relspread,knn,r2,UMAP,0.3527,0.3475,0.005200000000000038
1s,flow,3,pooled,reg_relspread,ridge,r2,PCA,0.2854,0.2854,0.0
1s,flow,5,pooled,lab_depth_collapse,knn,auc,Isomap,0.5928,0.5865,0.006299999999999972
1s,flow,5,pooled,lab_depth_collapse,logistic,auc,PCA,0.6158,0.6158,0.0
1s,flow,5,pooled,lab_spread_widen,knn,auc,KernelPCA,0.5183,0.5169,0.0013999999999999568
1s,flow,5,pooled,lab_spread_widen,logistic,auc,KernelPCA,0.5299,0.5146,0.015300000000000091
1s,flow,5,pooled,lab_stress,knn,auc,UMAP,0.6446,0.6256,0.018999999999999906
1s,flow,5,pooled,lab_stress,logistic,auc,PCA,0.618,0.618,0.0
1s,flow,5,pooled,lab_vol_spike,knn,auc,UMAP,0.7652,0.7572,0.008000000000000007
1s,flow,5,pooled,lab_vol_spike,logistic,auc,Isomap,0.7351,0.7329,0.0021999999999999797
1s,flow,5,pooled,reg_curvol,knn,r2,Isomap,0.3061,0.2912,0.014899999999999969
1s,flow,5,pooled,reg_curvol,ridge,r2,Isomap,0.2204,0.2085,0.011900000000000022
1s,flow,5,pooled,reg_fwdvol,knn,r2,Isomap,0.324,0.3113,0.012699999999999989
1s,flow,5,pooled,reg_fwdvol,ridge,r2,Isomap,0.2346,0.2225,0.0121
1s,flow,5,pooled,reg_intraday,knn,r2,Isomap,0.0072,-0.0005,0.0077
1s,flow,5,pooled,reg_intraday,ridge,r2,Isomap,0.0111,0.0086,0.0025000000000000005
1s,flow,5,pooled,reg_relspread,knn,r2,Isomap,0.356,0.3491,0.006899999999999962
1s,flow,5,pooled,reg_relspread,ridge,r2,PCA,0.2842,0.2842,0.0
1s,full,2,pooled,lab_depth_collapse,knn,auc,UMAP,0.7206,0.6371,0.08350000000000002
1s,full,2,pooled,lab_depth_collapse,logistic,auc,Diffusion,0.5861,0.5034,0.0827
1s,full,2,pooled,lab_spread_widen,knn,auc,Diffusion,0.7666,0.5512,0.21539999999999992
1s,full,2,pooled,lab_spread_widen,logistic,auc,Diffusion,0.7064,0.5426,0.16380000000000006
1s,full,2,pooled,lab_stress,knn,auc,PCA,0.7335,0.7335,0.0
1s,full,2,pooled,lab_stress,logistic,auc,Diffusion,0.7039,0.6848,0.019100000000000006
1s,full,2,pooled,lab_vol_spike,knn,auc,Diffusion,0.8968,0.8435,0.053300000000000014
1s,full,2,pooled,lab_vol_spike,logistic,auc,Diffusion,0.9012,0.8459,0.055300000000000016
1s,full,2,pooled,reg_curvol,knn,r2,Diffusion,0.7148,0.5832,0.13159999999999994
1s,full,2,pooled,reg_curvol,ridge,r2,PCA,0.5586,0.5586,0.0
1s,full,2,pooled,reg_fwdvol,knn,r2,Diffusion,0.7026,0.5769,0.12570000000000003
1s,full,2,pooled,reg_fwdvol,ridge,r2,PCA,0.5522,0.5522,0.0
1s,full,2,pooled,reg_intraday,knn,r2,Diffusion,0.1068,0.0656,0.0412
1s,full,2,pooled,reg_intraday,ridge,r2,PCA,0.0783,0.0783,0.0
1s,full,2,pooled,reg_relspread,knn,r2,Diffusion,0.7888,0.5302,0.25859999999999994
1s,full,2,pooled,reg_relspread,ridge,r2,PCA,0.5285,0.5285,0.0
1s,full,3,pooled,lab_depth_collapse,knn,auc,UMAP,0.7513,0.6324,0.1189
1s,full,3,pooled,lab_depth_collapse,logistic,auc,Diffusion,0.586,0.5042,0.08179999999999998
1s,full,3,pooled,lab_spread_widen,knn,auc,Diffusion,0.7616,0.5561,0.20550000000000002
1s,full,3,pooled,lab_spread_widen,logistic,auc,Diffusion,0.6778,0.543,0.13479999999999992
1s,full,3,pooled,lab_stress,knn,auc,Diffusion,0.7556,0.7485,0.007099999999999995
1s,full,3,pooled,lab_stress,logistic,auc,Diffusion,0.7033,0.6912,0.0121
1s,full,3,pooled,lab_vol_spike,knn,auc,Diffusion,0.9164,0.8752,0.041200000000000014
1s,full,3,pooled,lab_vol_spike,logistic,auc,Diffusion,0.9014,0.8668,0.034599999999999964
1s,full,3,pooled,reg_curvol,knn,r2,Diffusion,0.7573,0.6653,0.09199999999999997
1s,full,3,pooled,reg_curvol,ridge,r2,PCA,0.612,0.612,0.0
1s,full,3,pooled,reg_fwdvol,knn,r2,Diffusion,0.7458,0.6599,0.08589999999999998
1s,full,3,pooled,reg_fwdvol,ridge,r2,PCA,0.6051,0.6051,0.0
1s,full,3,pooled,reg_intraday,knn,r2,Diffusion,0.116,0.0918,0.0242
1s,full,3,pooled,reg_intraday,ridge,r2,PCA,0.0863,0.0863,0.0
1s,full,3,pooled,reg_relspread,knn,r2,Diffusion,0.8113,0.5538,0.25750000000000006
1s,full,3,pooled,reg_relspread,ridge,r2,PCA,0.5421,0.5421,0.0
1s,full,5,pooled,lab_depth_collapse,knn,auc,PCA,0.8234,0.8234,0.0
1s,full,5,pooled,lab_depth_collapse,logistic,auc,Isomap,0.7688,0.7667,0.0020999999999999908
1s,full,5,pooled,lab_spread_widen,knn,auc,Diffusion,0.7475,0.7144,0.03310000000000002
1s,full,5,pooled,lab_spread_widen,logistic,auc,PCA,0.7069,0.7069,0.0
1s,full,5,pooled,lab_stress,knn,auc,Diffusion,0.7907,0.7869,0.0037999999999999146
1s,full,5,pooled,lab_stress,logistic,auc,Diffusion,0.7463,0.7045,0.04179999999999995
1s,full,5,pooled,lab_vol_spike,knn,auc,Diffusion,0.9465,0.9087,0.037800000000000056
1s,full,5,pooled,lab_vol_spike,logistic,auc,Diffusion,0.9306,0.8952,0.03539999999999999
1s,full,5,pooled,reg_curvol,knn,r2,Diffusion,0.8346,0.7179,0.11670000000000003
1s,full,5,pooled,reg_curvol,ridge,r2,PCA,0.6503,0.6503,0.0
1s,full,5,pooled,reg_fwdvol,knn,r2,Diffusion,0.817,0.7148,0.10219999999999996
1s,full,5,pooled,reg_fwdvol,ridge,r2,PCA,0.6437,0.6437,0.0
1s,full,5,pooled,reg_intraday,knn,r2,Diffusion,0.1117,0.0926,0.019099999999999992
1s,full,5,pooled,reg_intraday,ridge,r2,PCA,0.0941,0.0941,0.0
1s,full,5,pooled,reg_relspread,knn,r2,PCA,0.8556,0.8556,0.0
1s,full,5,pooled,reg_relspread,ridge,r2,PCA,0.7807,0.7807,0.0
1s,full,10,pooled,lab_depth_collapse,knn,auc,PCA,0.809,0.809,0.0
1s,full,10,pooled,lab_depth_collapse,logistic,auc,PCA,0.7981,0.7981,0.0
1s,full,10,pooled,lab_spread_widen,knn,auc,PCA,0.7661,0.7661,0.0
1s,full,10,pooled,lab_spread_widen,logistic,auc,PCA,0.8114,0.8114,0.0
1s,full,10,pooled,lab_stress,knn,auc,PCA,0.8162,0.8162,0.0
1s,full,10,pooled,lab_stress,logistic,auc,PCA,0.7656,0.7656,0.0
1s,full,10,pooled,lab_vol_spike,knn,auc,PCA,0.968,0.968,0.0
1s,full,10,pooled,lab_vol_spike,logistic,auc,PCA,0.9727,0.9727,0.0
1s,full,10,pooled,reg_curvol,knn,r2,PCA,0.8763,0.8763,0.0
1s,full,10,pooled,reg_curvol,ridge,r2,PCA,0.8627,0.8627,0.0
1s,full,10,pooled,reg_fwdvol,knn,r2,PCA,0.8463,0.8463,0.0
1s,full,10,pooled,reg_fwdvol,ridge,r2,PCA,0.8335,0.8335,0.0
1s,full,10,pooled,reg_intraday,knn,r2,PCA,0.1372,0.1372,0.0
1s,full,10,pooled,reg_intraday,ridge,r2,PCA,0.1333,0.1333,0.0
1s,full,10,pooled,reg_relspread,knn,r2,Diffusion,0.8413,0.7989,0.04239999999999999
1s,full,10,pooled,reg_relspread,ridge,r2,PCA,0.7974,0.7974,0.0
1s,state,2,pooled,lab_depth_collapse,knn,auc,Diffusion,0.7833,0.6304,0.15290000000000004
1s,state,2,pooled,lab_depth_collapse,logistic,auc,LLE,0.643,0.5337,0.10930000000000006
1s,state,2,pooled,lab_spread_widen,knn,auc,Diffusion,0.7522,0.5471,0.20509999999999995
1s,state,2,pooled,lab_spread_widen,logistic,auc,Diffusion,0.7005,0.5386,0.16190000000000004
1s,state,2,pooled,lab_stress,knn,auc,Diffusion,0.7348,0.6548,0.07999999999999996
1s,state,2,pooled,lab_stress,logistic,auc,Diffusion,0.5386,0.5383,0.00029999999999996696
1s,state,2,pooled,lab_vol_spike,knn,auc,Diffusion,0.7455,0.6211,0.12440000000000007
1s,state,2,pooled,lab_vol_spike,logistic,auc,Diffusion,0.6264,0.6069,0.019499999999999962
1s,state,2,pooled,reg_curvol,knn,r2,Diffusion,0.3099,0.1314,0.17850000000000002
1s,state,2,pooled,reg_curvol,ridge,r2,Diffusion,0.1095,0.0985,0.010999999999999996
1s,state,2,pooled,reg_fwdvol,knn,r2,Diffusion,0.3107,0.1321,0.17859999999999998
1s,state,2,pooled,reg_fwdvol,ridge,r2,Diffusion,0.1111,0.1001,0.01100000000000001
1s,state,2,pooled,reg_intraday,knn,r2,Diffusion,0.0406,-0.0023,0.042899999999999994
1s,state,2,pooled,reg_intraday,ridge,r2,Diffusion,0.0476,0.0301,0.017500000000000005
1s,state,2,pooled,reg_relspread,knn,r2,Diffusion,0.874,0.3611,0.5129
1s,state,2,pooled,reg_relspread,ridge,r2,Diffusion,0.3923,0.3337,0.058599999999999985
1s,state,3,pooled,lab_depth_collapse,knn,auc,PCA,0.8072,0.8072,0.0
1s,state,3,pooled,lab_depth_collapse,logistic,auc,PCA,0.7289,0.7289,0.0
1s,state,3,pooled,lab_spread_widen,knn,auc,PCA,0.7635,0.7635,0.0
1s,state,3,pooled,lab_spread_widen,logistic,auc,PCA,0.7547,0.7547,0.0
1s,state,3,pooled,lab_stress,knn,auc,PCA,0.7743,0.7743,0.0
1s,state,3,pooled,lab_stress,logistic,auc,Isomap,0.6321,0.628,0.0040999999999999925
1s,state,3,pooled,lab_vol_spike,knn,auc,PCA,0.7744,0.7744,0.0
1s,state,3,pooled,lab_vol_spike,logistic,auc,PCA,0.7335,0.7335,0.0
1s,state,3,pooled,reg_curvol,knn,r2,PCA,0.3633,0.3633,0.0
1s,state,3,pooled,reg_curvol,ridge,r2,PCA,0.2109,0.2109,0.0
1s,state,3,pooled,reg_fwdvol,knn,r2,PCA,0.3704,0.3704,0.0
1s,state,3,pooled,reg_fwdvol,ridge,r2,PCA,0.2155,0.2155,0.0
1s,state,3,pooled,reg_intraday,knn,r2,PCA,0.0456,0.0456,0.0
1s,state,3,pooled,reg_intraday,ridge,r2,PCA,0.0636,0.0636,0.0
1s,state,3,pooled,reg_relspread,knn,r2,PCA,0.9234,0.9234,0.0
1s,state,3,pooled,reg_relspread,ridge,r2,PCA,0.7181,0.7181,0.0
1s,state,5,pooled,lab_depth_collapse,knn,auc,PCA,0.8182,0.8182,0.0
1s,state,5,pooled,lab_depth_collapse,logistic,auc,PCA,0.7432,0.7432,0.0
1s,state,5,pooled,lab_spread_widen,knn,auc,PCA,0.762,0.762,0.0
1s,state,5,pooled,lab_spread_widen,logistic,auc,PCA,0.7532,0.7532,0.0
1s,state,5,pooled,lab_stress,knn,auc,Isomap,0.7645,0.7637,0.0007999999999999119
1s,state,5,pooled,lab_stress,logistic,auc,KernelPCA,0.6658,0.6265,0.0393
1s,state,5,pooled,lab_vol_spike,knn,auc,KernelPCA,0.7735,0.7586,0.014899999999999913
1s,state,5,pooled,lab_vol_spike,logistic,auc,PCA,0.7362,0.7362,0.0
1s,state,5,pooled,reg_curvol,knn,r2,KernelPCA,0.3806,0.3274,0.05319999999999997
1s,state,5,pooled,reg_curvol,ridge,r2,PCA,0.2161,0.2161,0.0
1s,state,5,pooled,reg_fwdvol,knn,r2,KernelPCA,0.3902,0.3344,0.055800000000000016
1s,state,5,pooled,reg_fwdvol,ridge,r2,PCA,0.2194,0.2194,0.0
1s,state,5,pooled,reg_intraday,knn,r2,Isomap,0.061,0.059,0.0020000000000000018
1s,state,5,pooled,reg_intraday,ridge,r2,PCA,0.0704,0.0704,0.0
1s,state,5,pooled,reg_relspread,knn,r2,Diffusion,0.8895,0.8673,0.022199999999999998
1s,state,5,pooled,reg_relspread,ridge,r2,Isomap,0.7222,0.7203,0.0018999999999999018
5s,dynamics,2,pooled,lab_depth_collapse,knn,auc,Isomap,0.7306,0.6873,0.043300000000000005
5s,dynamics,2,pooled,lab_depth_collapse,logistic,auc,Isomap,0.7242,0.6893,0.03489999999999993
5s,dynamics,2,pooled,lab_spread_widen,knn,auc,Diffusion,0.7162,0.6801,0.03609999999999991
5s,dynamics,2,pooled,lab_spread_widen,logistic,auc,Diffusion,0.722,0.6862,0.03579999999999994
5s,dynamics,2,pooled,lab_stress,knn,auc,UMAP,0.7697,0.7575,0.0122000000000001
5s,dynamics,2,pooled,lab_stress,logistic,auc,PCA,0.7605,0.7605,0.0
5s,dynamics,2,pooled,lab_vol_spike,knn,auc,PCA,0.9619,0.9619,0.0
5s,dynamics,2,pooled,lab_vol_spike,logistic,auc,PCA,0.9646,0.9646,0.0
5s,dynamics,2,pooled,reg_curvol,knn,r2,PCA,0.9718,0.9718,0.0
5s,dynamics,2,pooled,reg_curvol,ridge,r2,PCA,0.8468,0.8468,0.0
5s,dynamics,2,pooled,reg_fwdvol,knn,r2,PCA,0.8563,0.8563,0.0
5s,dynamics,2,pooled,reg_fwdvol,ridge,r2,PCA,0.7704,0.7704,0.0
5s,dynamics,2,pooled,reg_intraday,knn,r2,PCA,0.0613,0.0613,0.0
5s,dynamics,2,pooled,reg_intraday,ridge,r2,PCA,0.0854,0.0854,0.0
5s,dynamics,2,pooled,reg_relspread,knn,r2,UMAP,0.5181,0.4756,0.04249999999999998
5s,dynamics,2,pooled,reg_relspread,ridge,r2,KernelPCA,0.3676,0.3066,0.061
5s,dynamics,3,pooled,lab_depth_collapse,knn,auc,Isomap,0.7384,0.7351,0.0032999999999999696
5s,dynamics,3,pooled,lab_depth_collapse,logistic,auc,Isomap,0.7279,0.7277,0.00019999999999997797
5s,dynamics,3,pooled,lab_spread_widen,knn,auc,Isomap,0.742,0.7383,0.0037000000000000366
5s,dynamics,3,pooled,lab_spread_widen,logistic,auc,PCA,0.7489,0.7489,0.0
5s,dynamics,3,pooled,lab_stress,knn,auc,PCA,0.7772,0.7772,0.0
5s,dynamics,3,pooled,lab_stress,logistic,auc,PCA,0.7642,0.7642,0.0
5s,dynamics,3,pooled,lab_vol_spike,knn,auc,PCA,0.9624,0.9624,0.0
5s,dynamics,3,pooled,lab_vol_spike,logistic,auc,PCA,0.9682,0.9682,0.0
5s,dynamics,3,pooled,reg_curvol,knn,r2,PCA,0.9778,0.9778,0.0
5s,dynamics,3,pooled,reg_curvol,ridge,r2,PCA,0.8539,0.8539,0.0
5s,dynamics,3,pooled,reg_fwdvol,knn,r2,PCA,0.8637,0.8637,0.0
5s,dynamics,3,pooled,reg_fwdvol,ridge,r2,PCA,0.7764,0.7764,0.0
5s,dynamics,3,pooled,reg_intraday,knn,r2,Isomap,0.0812,0.0755,0.005699999999999997
5s,dynamics,3,pooled,reg_intraday,ridge,r2,PCA,0.0858,0.0858,0.0
5s,dynamics,3,pooled,reg_relspread,knn,r2,PCA,0.5642,0.5642,0.0
5s,dynamics,3,pooled,reg_relspread,ridge,r2,KernelPCA,0.3682,0.3103,0.05790000000000001
5s,flow,2,pooled,lab_depth_collapse,knn,auc,UMAP,0.5473,0.516,0.031299999999999994
5s,flow,2,pooled,lab_depth_collapse,logistic,auc,KernelPCA,0.5509,0.5391,0.011799999999999922
5s,flow,2,pooled,lab_spread_widen,knn,auc,Isomap,0.5465,0.517,0.02949999999999997
5s,flow,2,pooled,lab_spread_widen,logistic,auc,PCA,0.5261,0.5261,0.0
5s,flow,2,pooled,lab_stress,knn,auc,UMAP,0.7071,0.606,0.10109999999999997
5s,flow,2,pooled,lab_stress,logistic,auc,LLE,0.6441,0.6283,0.015800000000000036
5s,flow,2,pooled,lab_vol_spike,knn,auc,UMAP,0.8471,0.675,0.17209999999999992
5s,flow,2,pooled,lab_vol_spike,logistic,auc,LLE,0.7521,0.6967,0.055400000000000005
5s,flow,2,pooled,reg_curvol,knn,r2,UMAP,0.4444,0.1284,0.31600000000000006
5s,flow,2,pooled,reg_curvol,ridge,r2,LLE,0.2246,0.1294,0.0952
5s,flow,2,pooled,reg_fwdvol,knn,r2,UMAP,0.4863,0.1357,0.3506
5s,flow,2,pooled,reg_fwdvol,ridge,r2,LLE,0.2419,0.1314,0.11050000000000001
5s,flow,2,pooled,reg_intraday,knn,r2,UMAP,0.0076,-0.0274,0.035
5s,flow,2,pooled,reg_intraday,ridge,r2,PCA,0.0125,0.0125,0.0
5s,flow,2,pooled,reg_relspread,knn,r2,UMAP,0.4768,0.0325,0.44430000000000003
5s,flow,2,pooled,reg_relspread,ridge,r2,LLE,0.1321,0.0333,0.0988
5s,flow,3,pooled,lab_depth_collapse,knn,auc,PCA,0.5614,0.5614,0.0
5s,flow,3,pooled,lab_depth_collapse,logistic,auc,PCA,0.585,0.585,0.0
5s,flow,3,pooled,lab_spread_widen,knn,auc,UMAP,0.5487,0.5427,0.006000000000000005
5s,flow,3,pooled,lab_spread_widen,logistic,auc,Diffusion,0.538,0.5277,0.010300000000000087
5s,flow,3,pooled,lab_stress,knn,auc,PCA,0.7186,0.7186,0.0
5s,flow,3,pooled,lab_stress,logistic,auc,PCA,0.6651,0.6651,0.0
5s,flow,3,pooled,lab_vol_spike,knn,auc,UMAP,0.8497,0.846,0.0037000000000000366
5s,flow,3,pooled,lab_vol_spike,logistic,auc,PCA,0.823,0.823,0.0
5s,flow,3,pooled,reg_curvol,knn,r2,UMAP,0.4486,0.4483,0.00030000000000002247
5s,flow,3,pooled,reg_curvol,ridge,r2,PCA,0.3419,0.3419,0.0
5s,flow,3,pooled,reg_fwdvol,knn,r2,PCA,0.4917,0.4917,0.0
5s,flow,3,pooled,reg_fwdvol,ridge,r2,PCA,0.3724,0.3724,0.0
5s,flow,3,pooled,reg_intraday,knn,r2,PCA,0.0075,0.0075,0.0
5s,flow,3,pooled,reg_intraday,ridge,r2,PCA,0.0127,0.0127,0.0
5s,flow,3,pooled,reg_relspread,knn,r2,PCA,0.4884,0.4884,0.0
5s,flow,3,pooled,reg_relspread,ridge,r2,PCA,0.4405,0.4405,0.0
5s,flow,5,pooled,lab_depth_collapse,knn,auc,LLE,0.5639,0.5552,0.00869999999999993
5s,flow,5,pooled,lab_depth_collapse,logistic,auc,PCA,0.5852,0.5852,0.0
5s,flow,5,pooled,lab_spread_widen,knn,auc,UMAP,0.552,0.5443,0.00770000000000004
5s,flow,5,pooled,lab_spread_widen,logistic,auc,KernelPCA,0.5453,0.541,0.0042999999999999705
5s,flow,5,pooled,lab_stress,knn,auc,Isomap,0.7217,0.7146,0.007099999999999995
5s,flow,5,pooled,lab_stress,logistic,auc,LLE,0.672,0.6662,0.005800000000000027
5s,flow,5,pooled,lab_vol_spike,knn,auc,UMAP,0.8495,0.8456,0.0039000000000000146
5s,flow,5,pooled,lab_vol_spike,logistic,auc,Isomap,0.8279,0.8233,0.0045999999999999375
5s,flow,5,pooled,reg_curvol,knn,r2,Isomap,0.4512,0.4501,0.0010999999999999899
5s,flow,5,pooled,reg_curvol,ridge,r2,PCA,0.3442,0.3442,0.0
5s,flow,5,pooled,reg_fwdvol,knn,r2,Isomap,0.494,0.4931,0.0009000000000000119
5s,flow,5,pooled,reg_fwdvol,ridge,r2,Diffusion,0.3781,0.3754,0.00269999999999998
5s,flow,5,pooled,reg_intraday,knn,r2,Isomap,0.0185,0.0108,0.0076999999999999985
5s,flow,5,pooled,reg_intraday,ridge,r2,LLE,0.0132,0.0128,0.0003999999999999993
5s,flow,5,pooled,reg_relspread,knn,r2,PCA,0.4928,0.4928,0.0
5s,flow,5,pooled,reg_relspread,ridge,r2,PCA,0.4458,0.4458,0.0
5s,full,2,pooled,lab_depth_collapse,knn,auc,UMAP,0.7045,0.5779,0.12660000000000005
5s,full,2,pooled,lab_depth_collapse,logistic,auc,LLE,0.5876,0.5242,0.06340000000000001
5s,full,2,pooled,lab_spread_widen,knn,auc,Diffusion,0.6795,0.5191,0.1604
5s,full,2,pooled,lab_spread_widen,logistic,auc,Diffusion,0.6723,0.5222,0.1501
5s,full,2,pooled,lab_stress,knn,auc,UMAP,0.7204,0.7165,0.0039000000000000146
5s,full,2,pooled,lab_stress,logistic,auc,Diffusion,0.675,0.6641,0.01090000000000002
5s,full,2,pooled,lab_vol_spike,knn,auc,UMAP,0.8683,0.823,0.04530000000000001
5s,full,2,pooled,lab_vol_spike,logistic,auc,Diffusion,0.8317,0.8225,0.009199999999999986
5s,full,2,pooled,reg_curvol,knn,r2,UMAP,0.5765,0.4869,0.08960000000000001
5s,full,2,pooled,reg_curvol,ridge,r2,PCA,0.4685,0.4685,0.0
5s,full,2,pooled,reg_fwdvol,knn,r2,UMAP,0.5714,0.4932,0.07819999999999999
5s,full,2,pooled,reg_fwdvol,ridge,r2,PCA,0.4681,0.4681,0.0
5s,full,2,pooled,reg_intraday,knn,r2,Diffusion,0.0728,0.0622,0.010600000000000005
5s,full,2,pooled,reg_intraday,ridge,r2,PCA,0.0601,0.0601,0.0
5s,full,2,pooled,reg_relspread,knn,r2,Diffusion,0.8084,0.5165,0.29190000000000005
5s,full,2,pooled,reg_relspread,ridge,r2,PCA,0.51,0.51,0.0
5s,full,3,pooled,lab_depth_collapse,knn,auc,Isomap,0.7529,0.584,0.16890000000000005
5s,full,3,pooled,lab_depth_collapse,logistic,auc,Isomap,0.7432,0.5266,0.21660000000000001
5s,full,3,pooled,lab_spread_widen,knn,auc,Diffusion,0.7482,0.5586,0.1896
5s,full,3,pooled,lab_spread_widen,logistic,auc,Diffusion,0.6914,0.5239,0.16749999999999998
5s,full,3,pooled,lab_stress,knn,auc,PCA,0.7682,0.7682,0.0
5s,full,3,pooled,lab_stress,logistic,auc,PCA,0.7166,0.7166,0.0
5s,full,3,pooled,lab_vol_spike,knn,auc,Diffusion,0.9195,0.9033,0.016199999999999992
5s,full,3,pooled,lab_vol_spike,logistic,auc,PCA,0.907,0.907,0.0
5s,full,3,pooled,reg_curvol,knn,r2,Diffusion,0.7624,0.7184,0.04399999999999993
5s,full,3,pooled,reg_curvol,ridge,r2,PCA,0.6729,0.6729,0.0
5s,full,3,pooled,reg_fwdvol,knn,r2,Diffusion,0.7393,0.72,0.019299999999999984
5s,full,3,pooled,reg_fwdvol,ridge,r2,PCA,0.6683,0.6683,0.0
5s,full,3,pooled,reg_intraday,knn,r2,Diffusion,0.0998,0.0963,0.003500000000000003
5s,full,3,pooled,reg_intraday,ridge,r2,PCA,0.0818,0.0818,0.0
5s,full,3,pooled,reg_relspread,knn,r2,Diffusion,0.8169,0.5827,0.23419999999999996
5s,full,3,pooled,reg_relspread,ridge,r2,Isomap,0.5666,0.5595,0.007099999999999995
5s,full,5,pooled,lab_depth_collapse,knn,auc,PCA,0.7809,0.7809,0.0
5s,full,5,pooled,lab_depth_collapse,logistic,auc,Isomap,0.7627,0.7484,0.01430000000000009
5s,full,5,pooled,lab_spread_widen,knn,auc,Diffusion,0.7468,0.7244,0.022399999999999975
5s,full,5,pooled,lab_spread_widen,logistic,auc,Diffusion,0.773,0.7262,0.046800000000000064
5s,full,5,pooled,lab_stress,knn,auc,Diffusion,0.806,0.7975,0.008500000000000063
5s,full,5,pooled,lab_stress,logistic,auc,Diffusion,0.7501,0.7189,0.031200000000000006
5s,full,5,pooled,lab_vol_spike,knn,auc,Diffusion,0.9397,0.925,0.014699999999999935
5s,full,5,pooled,lab_vol_spike,logistic,auc,Diffusion,0.9469,0.9187,0.028200000000000003
5s,full,5,pooled,reg_curvol,knn,r2,Diffusion,0.8063,0.7482,0.05810000000000004
5s,full,5,pooled,reg_curvol,ridge,r2,Isomap,0.7199,0.6887,0.031200000000000006
5s,full,5,pooled,reg_fwdvol,knn,r2,Diffusion,0.7907,0.7462,0.044499999999999984
5s,full,5,pooled,reg_fwdvol,ridge,r2,Isomap,0.7148,0.6843,0.03049999999999997
5s,full,5,pooled,reg_intraday,knn,r2,Diffusion,0.1096,0.1017,0.007900000000000004
5s,full,5,pooled,reg_intraday,ridge,r2,PCA,0.0862,0.0862,0.0
5s,full,5,pooled,reg_relspread,knn,r2,PCA,0.8651,0.8651,0.0
5s,full,5,pooled,reg_relspread,ridge,r2,PCA,0.7934,0.7934,0.0
5s,full,10,pooled,lab_depth_collapse,knn,auc,PCA,0.7782,0.7782,0.0
5s,full,10,pooled,lab_depth_collapse,logistic,auc,PCA,0.7853,0.7853,0.0
5s,full,10,pooled,lab_spread_widen,knn,auc,PCA,0.7734,0.7734,0.0
5s,full,10,pooled,lab_spread_widen,logistic,auc,PCA,0.8344,0.8344,0.0
5s,full,10,pooled,lab_stress,knn,auc,PCA,0.8311,0.8311,0.0
5s,full,10,pooled,lab_stress,logistic,auc,PCA,0.7644,0.7644,0.0
5s,full,10,pooled,lab_vol_spike,knn,auc,PCA,0.9625,0.9625,0.0
5s,full,10,pooled,lab_vol_spike,logistic,auc,PCA,0.9663,0.9663,0.0
5s,full,10,pooled,reg_curvol,knn,r2,PCA,0.8836,0.8836,0.0
5s,full,10,pooled,reg_curvol,ridge,r2,PCA,0.8599,0.8599,0.0
5s,full,10,pooled,reg_fwdvol,knn,r2,PCA,0.8258,0.8258,0.0
5s,full,10,pooled,reg_fwdvol,ridge,r2,PCA,0.8084,0.8084,0.0
5s,full,10,pooled,reg_intraday,knn,r2,PCA,0.13,0.13,0.0
5s,full,10,pooled,reg_intraday,ridge,r2,PCA,0.1201,0.1201,0.0
5s,full,10,pooled,reg_relspread,knn,r2,PCA,0.8244,0.8244,0.0
5s,full,10,pooled,reg_relspread,ridge,r2,PCA,0.8192,0.8192,0.0
5s,state,2,pooled,lab_depth_collapse,knn,auc,Diffusion,0.717,0.6049,0.11209999999999998
5s,state,2,pooled,lab_depth_collapse,logistic,auc,LLE,0.6146,0.5649,0.04970000000000008
5s,state,2,pooled,lab_spread_widen,knn,auc,Diffusion,0.7381,0.5796,0.15849999999999997
5s,state,2,pooled,lab_spread_widen,logistic,auc,Diffusion,0.6994,0.531,0.1684
5s,state,2,pooled,lab_stress,knn,auc,Diffusion,0.7237,0.6651,0.058599999999999985
5s,state,2,pooled,lab_stress,logistic,auc,Diffusion,0.5377,0.5342,0.0034999999999999476
5s,state,2,pooled,lab_vol_spike,knn,auc,Diffusion,0.7311,0.6267,0.10439999999999994
5s,state,2,pooled,lab_vol_spike,logistic,auc,Diffusion,0.6313,0.6146,0.016699999999999937
5s,state,2,pooled,reg_curvol,knn,r2,Diffusion,0.2481,0.1061,0.142
5s,state,2,pooled,reg_curvol,ridge,r2,Diffusion,0.0994,0.0867,0.012700000000000003
5s,state,2,pooled,reg_fwdvol,knn,r2,Diffusion,0.2686,0.1125,0.15610000000000002
5s,state,2,pooled,reg_fwdvol,ridge,r2,Diffusion,0.1092,0.0938,0.015400000000000011
5s,state,2,pooled,reg_intraday,knn,r2,Diffusion,0.0399,0.0045,0.0354
5s,state,2,pooled,reg_intraday,ridge,r2,Diffusion,0.0492,0.0264,0.0228
5s,state,2,pooled,reg_relspread,knn,r2,Diffusion,0.8554,0.3604,0.49500000000000005
5s,state,2,pooled,reg_relspread,ridge,r2,Diffusion,0.4041,0.337,0.06709999999999999
5s,state,3,pooled,lab_depth_collapse,knn,auc,PCA,0.7613,0.7613,0.0
5s,state,3,pooled,lab_depth_collapse,logistic,auc,PCA,0.7011,0.7011,0.0
5s,state,3,pooled,lab_spread_widen,knn,auc,PCA,0.7691,0.7691,0.0
5s,state,3,pooled,lab_spread_widen,logistic,auc,PCA,0.7655,0.7655,0.0
5s,state,3,pooled,lab_stress,knn,auc,PCA,0.7713,0.7713,0.0
5s,state,3,pooled,lab_stress,logistic,auc,PCA,0.624,0.624,0.0
5s,state,3,pooled,lab_vol_spike,knn,auc,PCA,0.7727,0.7727,0.0
5s,state,3,pooled,lab_vol_spike,logistic,auc,PCA,0.7305,0.7305,0.0
5s,state,3,pooled,reg_curvol,knn,r2,PCA,0.3195,0.3195,0.0
5s,state,3,pooled,reg_curvol,ridge,r2,PCA,0.1826,0.1826,0.0
5s,state,3,pooled,reg_fwdvol,knn,r2,PCA,0.3431,0.3431,0.0
5s,state,3,pooled,reg_fwdvol,ridge,r2,PCA,0.1988,0.1988,0.0
5s,state,3,pooled,reg_intraday,knn,r2,PCA,0.0472,0.0472,0.0
5s,state,3,pooled,reg_intraday,ridge,r2,PCA,0.0606,0.0606,0.0
5s,state,3,pooled,reg_relspread,knn,r2,PCA,0.9202,0.9202,0.0
5s,state,3,pooled,reg_relspread,ridge,r2,PCA,0.7159,0.7159,0.0
5s,state,5,pooled,lab_depth_collapse,knn,auc,PCA,0.7903,0.7903,0.0
5s,state,5,pooled,lab_depth_collapse,logistic,auc,PCA,0.7231,0.7231,0.0
5s,state,5,pooled,lab_spread_widen,knn,auc,KernelPCA,0.7658,0.7609,0.0049000000000000155
5s,state,5,pooled,lab_spread_widen,logistic,auc,PCA,0.7677,0.7677,0.0
5s,state,5,pooled,lab_stress,knn,auc,LLE,0.7666,0.7566,0.009999999999999898
5s,state,5,pooled,lab_stress,logistic,auc,KernelPCA,0.6708,0.6168,0.05399999999999994
5s,state,5,pooled,lab_vol_spike,knn,auc,LLE,0.7772,0.7448,0.032399999999999984
5s,state,5,pooled,lab_vol_spike,logistic,auc,PCA,0.7354,0.7354,0.0
5s,state,5,pooled,reg_curvol,knn,r2,LLE,0.3289,0.2824,0.04650000000000004
5s,state,5,pooled,reg_curvol,ridge,r2,KernelPCA,0.1915,0.1896,0.0019000000000000128
5s,state,5,pooled,reg_fwdvol,knn,r2,KernelPCA,0.3474,0.3004,0.046999999999999986
5s,state,5,pooled,reg_fwdvol,ridge,r2,PCA,0.2065,0.2065,0.0
5s,state,5,pooled,reg_intraday,knn,r2,PCA,0.0508,0.0508,0.0
5s,state,5,pooled,reg_intraday,ridge,r2,PCA,0.0706,0.0706,0.0
5s,state,5,pooled,reg_relspread,knn,r2,KernelPCA,0.8801,0.8655,0.014599999999999946
5s,state,5,pooled,reg_relspread,ridge,r2,PCA,0.7167,0.7167,0.0
